ALABAMA,AL
ALABAMMA,AL
ALLABAMA,AL
ALASKA,AK
ALSAKA,AK
AMERICAN SAMOA,AS
AMERICANSAMOA,AS
ARIZONA,AZ
ARIZONIA,AZ
ARZINOA,AZ
ARKANSAS,AR
CALIFORNIA,CA
CALIFRONIA,CA
CALORADO,CO
COLARADO,CO
COLORADO,CO
CONNECTICUT,CT
CONNECTICUTT,CT
CONNETICUT,CT
CONNETICUTT,CT
CONNETTICUT,CT
CONNETTICUTT,CT
DELAWARE,DE
DELAWERE,DE
DISTRICT COLUMBIA,DC
DISTRICT OF COLUMBIA,DC
DISTRICTCOLUMBIA,DC
DISTRICTOFCOLUMBIA,DC
FEDERATED STATES OF MICRONESIA,FM
FLORDA,FL
FLORDIA,FL
FLORIDA,FL
FLORIDAS,FL
FLORYDA,FL
GEORGEA,GA
GEORGEIA,GA
GEORGIA,GA
GUAM,GU
HAWAAI,HI
HAWAI,HI
HAWAII,HI
HAWII,HI
HOWAII,HI
IDAHO,ID
IDAHOE,ID
IDEHO,ID
ILLANOISE,IL
ILLINOIS,IL
INDIANA,IN
IOAW,IA
IOWA,IA
IOWHA,IA
IWOA,IA
KANSAS,KS
KANNSAS,KS
KANSSAS,KS
KANSASS,KS
KENTUCKY,KY
KENTUCY,KY
KENTUKY,KY
LOUISEIANA,LA
LOUISIANA,LA
MAIN,ME
MIANE,ME
MAINE,ME
NORTHERN MARIANA ISLANDS,MP
N MARIANA ISLANDS,MP
MARIANAISLANDS,MP
MARIANA ISLANDS,MP
MARIANA IS,MP
MARSHALLISLANDS,MH
MARSHALL IS,MH
MARSHALL ISLANDS,MH
MARRYLAND,MD
MARY LAND,MD
MARYLAND,MD
MASACHUSETS,MA
MASACHUSETTS,MA
MASSACHUSETTS,MA
MASSACHUSSETS,MA
MASSACHUSSETTS,MA
MICHAGAN,MI
MICHAGIN,MI
MICHGAN,MI
MICHIGAN,MI
MICRONESIA,FM
MINESOTA,MN
MINNESOTA,MN
MISSISIPI,MS
MISSISIPPI,MS
MISSISSIPI,MS
MISSISSIPPI,MS
MISOURI,MO
MISSOURI,MO
MISSOURY,MO
MONTANA,MT
NEBRASCKA,NE
NEBRASKA,NE
NAVADA,NV
NEVADA,NV
NEVADAA,NV
NEWVADA,NV
NEW HAMPSHIRE,NH
NEWHAMPSHIRE,NH
NEW JERSEY,NJ
NEWJERSEY,NJ
NEW MEXICO,NM
NEWMEXICO,NM
NEW YORK,NY
NEWYORK,NY
N CAROLINA,NC
NORTH CAROLEINA,NC
NORTH CAROLINA,NC
NDAK,ND
N DAKOTA,ND
NORTHDAKOTA,ND
NORTH DAKOTA,ND
NORTHCAROLINA,NC
OHIO,OH
OIHO,OH
OKALAHOMA,OK
OKLAHOMA,OK
OREGON,OR
ORGON,OR
PALAU,PW
PENNSYLVANIA,PA
PENSYLVANIA,PA
PUERTO RICO,PR
PUERTORICO,PR
RHOD ISLAND,RI
RHODE ISLAND,RI
RHODEISLAND,RI
ROAD ISLAND,RI
RODE ISLAND,RI
S CAROLINA,SC
SOUH CAROLIA,SC
SOUT CAROLIN,SC
SOUTH CAROLINA,SC
SOUTH CAROLNA,SC
SOUTHCAROLINA,SC
S DAKOTA,SD
SOUTH DAKOTA,SD
SOUTHDAKOTA,SD
STATES OF MICRONESIA,FM
TENNESEE,TN
TENNESSEE,TN
TENNISEE,TN
TENNISSE,TN
TENNISSEE,TN
TEXAS,TX
TEXES,TX
TEXIS,TX
UTAH,UT
UTAR,UT
UTES,UT
VERMONT,VT
VIRGIN IS,VI
VIRGIN ISLANDS,VI
VIRGINIA,VA
VIRGINISLANDS,VI
WASHINGTON,WA
WASHIGTON,WA
W VIRGINIA,WV
WEST VIRGINA,WV
WEST VIRGINIA,WV
WEST VIRGNIA,WV
WESTVIRGINIA,WV
WHYOMING,WY
WYOMING,WY
WISCONSIN,WI
WISCONSEN,WI
WESCONSIN,WI
WESCONSEN,WI